,dailySwapVolumeSnapshots_volumeUSD,dailySwapVolumeSnapshots_datetime,dailySwapVolumeSnapshots_pool_name
0,499.769507,2022-05-06,Curve.fi Factory USD Metapool: handle3pool
1,2434229.8937620153,2022-05-06,Curve.fi USD-BTC-ETH
2,211429.5583385,2022-05-06,Curve.fi USDC/USDT
3,31984.68619914779,2022-05-06,Curve.fi Factory USD Metapool: deBridge-USDC
4,103835.0781316784,2022-05-06,Curve.fi Factory Plain Pool: VST+FRAX
5,21278.50439612609,2022-05-06,Curve.fi WBTC/renBTC
6,467550.4654698102,2022-05-06,Curve.fi Factory USD Metapool: MIM
7,1971.138929,2022-05-06,Curve.fi Factory USD Metapool: dForce
8,143776.3012835482,2022-05-06,Curve.fi Factory Plain Pool: 4pool
9,4187.7957946210345,2022-05-06,Curve.fi Factory Pool: deBridge-ETH
10,4999.8790575,2022-05-05,Curve.fi Factory USD Metapool: handle3pool
11,3157578.3449899885,2022-05-05,Curve.fi USD-BTC-ETH
12,491662.576787,2022-05-05,Curve.fi USDC/USDT
13,40876.979606210094,2022-05-05,Curve.fi Factory USD Metapool: deBridge-USDC
14,207590.23464115907,2022-05-05,Curve.fi Factory Plain Pool: VST+FRAX
15,14327.905725567542,2022-05-05,Curve.fi WBTC/renBTC
16,1257436.3917464027,2022-05-05,Curve.fi Factory USD Metapool: MIM
17,13039.095280855398,2022-05-05,Curve.fi Factory USD Metapool: dForce
18,1412932.5202810357,2022-05-05,Curve.fi Factory Plain Pool: 4pool
19,6335.508314879436,2022-05-05,Curve.fi Factory Pool: deBridge-ETH
20,3641551.21584243,2022-05-04,Curve.fi USD-BTC-ETH
21,311738.488908,2022-05-04,Curve.fi USDC/USDT
22,150524.69975254397,2022-05-04,Curve.fi Factory USD Metapool: deBridge-USDC
23,171049.1826841137,2022-05-04,Curve.fi Factory Plain Pool: VST+FRAX
24,6.414789813902543,2022-05-04,Curve.fi WBTC/renBTC
25,1391529.3831796846,2022-05-04,Curve.fi Factory USD Metapool: MIM
26,306692.9448674183,2022-05-04,Curve.fi Factory Plain Pool: 4pool
27,2994.7951879673556,2022-05-04,Curve.fi Factory Pool: deBridge-ETH
28,4229401.974293919,2022-05-03,Curve.fi USD-BTC-ETH
29,226907.103555,2022-05-03,Curve.fi USDC/USDT
30,111059.61266078278,2022-05-03,Curve.fi Factory USD Metapool: deBridge-USDC
31,114683.61865909435,2022-05-03,Curve.fi Factory Plain Pool: VST+FRAX
32,28137.507673080618,2022-05-03,Curve.fi WBTC/renBTC
33,980091.6309941967,2022-05-03,Curve.fi Factory USD Metapool: MIM
34,221607.18855413876,2022-05-03,Curve.fi Factory Plain Pool: 4pool
35,2556.728282268459,2022-05-03,Curve.fi Factory Pool: deBridge-ETH
36,4527908.071593467,2022-05-02,Curve.fi USD-BTC-ETH
37,561746.915865,2022-05-02,Curve.fi USDC/USDT
38,77316.81712518154,2022-05-02,Curve.fi Factory USD Metapool: deBridge-USDC
39,136406.41163518265,2022-05-02,Curve.fi Factory Plain Pool: VST+FRAX
40,78363.44423720705,2022-05-02,Curve.fi WBTC/renBTC
41,2500551.072434782,2022-05-02,Curve.fi Factory USD Metapool: MIM
42,26363.91933961946,2022-05-02,Curve.fi Factory USD Metapool: dForce
43,200451.77068596578,2022-05-02,Curve.fi Factory Plain Pool: 4pool
44,6686.309063264911,2022-05-02,Curve.fi Factory Pool: deBridge-ETH
45,3178823.095199327,2022-05-01,Curve.fi USD-BTC-ETH
46,500983.89122,2022-05-01,Curve.fi USDC/USDT
47,74070.77981132617,2022-05-01,Curve.fi Factory USD Metapool: deBridge-USDC
48,170459.9263840996,2022-05-01,Curve.fi Factory Plain Pool: VST+FRAX
49,82.67633675402568,2022-05-01,Curve.fi WBTC/renBTC
50,486379.0420949854,2022-05-01,Curve.fi Factory USD Metapool: MIM
51,12926.401496456172,2022-05-01,Curve.fi Factory USD Metapool: dForce
52,485690.10910238617,2022-05-01,Curve.fi Factory Plain Pool: 4pool
53,7275.24211473274,2022-05-01,Curve.fi Factory Pool: deBridge-ETH
54,1836619.3115057838,2022-04-30,Curve.fi USD-BTC-ETH
55,913356.249591,2022-04-30,Curve.fi USDC/USDT
56,139840.89548632986,2022-04-30,Curve.fi Factory USD Metapool: deBridge-USDC
57,391627.3730113349,2022-04-30,Curve.fi Factory Plain Pool: VST+FRAX
58,6963.982037886491,2022-04-30,Curve.fi WBTC/renBTC
59,674918.3431416707,2022-04-30,Curve.fi Factory USD Metapool: MIM
60,19919.33921491977,2022-04-30,Curve.fi Factory USD Metapool: dForce
61,171503.27254999318,2022-04-30,Curve.fi Factory Plain Pool: 4pool
62,3925.1741631995706,2022-04-30,Curve.fi Factory Pool: deBridge-ETH
63,3312493.5463297623,2022-04-29,Curve.fi USD-BTC-ETH
64,169958.9590315,2022-04-29,Curve.fi USDC/USDT
65,91175.92217096117,2022-04-29,Curve.fi Factory USD Metapool: deBridge-USDC
66,209400.65888697232,2022-04-29,Curve.fi Factory Plain Pool: VST+FRAX
67,1926.4986834792023,2022-04-29,Curve.fi WBTC/renBTC
68,500725.12191860436,2022-04-29,Curve.fi Factory USD Metapool: MIM
69,11879.284265456568,2022-04-29,Curve.fi Factory USD Metapool: dForce
70,139598.36839687347,2022-04-29,Curve.fi Factory Plain Pool: 4pool
71,14309.185664028992,2022-04-29,Curve.fi Factory Pool: deBridge-ETH
72,4141339.767930276,2022-04-28,Curve.fi USD-BTC-ETH
73,222047.204583,2022-04-28,Curve.fi USDC/USDT
74,41918.40656984169,2022-04-28,Curve.fi Factory USD Metapool: deBridge-USDC
75,168036.78548363651,2022-04-28,Curve.fi Factory Plain Pool: VST+FRAX
76,270.67503145107753,2022-04-28,Curve.fi WBTC/renBTC
77,301078.37616318086,2022-04-28,Curve.fi Factory USD Metapool: MIM
78,178282.6665797692,2022-04-28,Curve.fi Factory Plain Pool: 4pool
79,2457.5388651322696,2022-04-28,Curve.fi Factory Pool: deBridge-ETH
80,5222866.351227448,2022-04-27,Curve.fi USD-BTC-ETH
81,154595.886623,2022-04-27,Curve.fi USDC/USDT
82,331911.19810389774,2022-04-27,Curve.fi Factory USD Metapool: deBridge-USDC
83,114153.36779473802,2022-04-27,Curve.fi Factory Plain Pool: VST+FRAX
84,542.021488495124,2022-04-27,Curve.fi WBTC/renBTC
85,491875.88165513007,2022-04-27,Curve.fi Factory USD Metapool: MIM
86,251.99666602523382,2022-04-27,Curve.fi Factory USD Metapool: dForce
87,84406.11627280284,2022-04-27,Curve.fi Factory Plain Pool: 4pool
88,4252.996646120277,2022-04-27,Curve.fi Factory Pool: deBridge-ETH
89,2739817.717888083,2022-04-26,Curve.fi USD-BTC-ETH
90,156898.3258965,2022-04-26,Curve.fi USDC/USDT
91,131893.6599682553,2022-04-26,Curve.fi Factory USD Metapool: deBridge-USDC
92,360921.895230302,2022-04-26,Curve.fi Factory Plain Pool: VST+FRAX
93,6567.86763047658,2022-04-26,Curve.fi WBTC/renBTC
94,557331.0111114645,2022-04-26,Curve.fi Factory USD Metapool: MIM
95,11908.6820785,2022-04-26,Curve.fi Factory USD Metapool: dForce
96,335568.0792550519,2022-04-26,Curve.fi Factory Plain Pool: 4pool
97,220.0680260528086,2022-04-26,Curve.fi Factory Pool: deBridge-ETH
98,4671621.889202111,2022-04-25,Curve.fi USD-BTC-ETH
99,517495.28996,2022-04-25,Curve.fi USDC/USDT
100,80953.55091146969,2022-04-25,Curve.fi Factory USD Metapool: deBridge-USDC
101,399383.8664635474,2022-04-25,Curve.fi Factory Plain Pool: VST+FRAX
102,5160.603579493615,2022-04-25,Curve.fi WBTC/renBTC
103,1181648.9812151957,2022-04-25,Curve.fi Factory USD Metapool: MIM
104,10921.7657515,2022-04-25,Curve.fi Factory USD Metapool: dForce
105,528464.6104989026,2022-04-25,Curve.fi Factory Plain Pool: 4pool
106,9598.157286211128,2022-04-25,Curve.fi Factory Pool: deBridge-ETH
107,3310834.2907244344,2022-04-24,Curve.fi USD-BTC-ETH
108,202994.931991,2022-04-24,Curve.fi USDC/USDT
109,35224.14588904891,2022-04-24,Curve.fi Factory USD Metapool: deBridge-USDC
110,34383.18285938628,2022-04-24,Curve.fi Factory Plain Pool: VST+FRAX
111,362.6002705412594,2022-04-24,Curve.fi WBTC/renBTC
112,167539.39967842147,2022-04-24,Curve.fi Factory USD Metapool: MIM
113,20892.50119774911,2022-04-24,Curve.fi Factory Plain Pool: 4pool
114,150.37056481524615,2022-04-24,Curve.fi Factory Pool: deBridge-ETH
115,1423375.0131900785,2022-04-23,Curve.fi USD-BTC-ETH
116,56687.437324,2022-04-23,Curve.fi USDC/USDT
117,71023.64338672123,2022-04-23,Curve.fi Factory USD Metapool: deBridge-USDC
118,35382.46130901399,2022-04-23,Curve.fi Factory Plain Pool: VST+FRAX
119,3003.1329962649547,2022-04-23,Curve.fi WBTC/renBTC
120,145179.5278084121,2022-04-23,Curve.fi Factory USD Metapool: MIM
121,46430.62992208828,2022-04-23,Curve.fi Factory Plain Pool: 4pool
122,348.3301693505622,2022-04-23,Curve.fi Factory Pool: deBridge-ETH
123,1893728.068759223,2022-04-22,Curve.fi USD-BTC-ETH
124,206594.941131,2022-04-22,Curve.fi USDC/USDT
125,71516.80192901054,2022-04-22,Curve.fi Factory USD Metapool: deBridge-USDC
126,241553.0156666951,2022-04-22,Curve.fi Factory Plain Pool: VST+FRAX
127,81786.10142225827,2022-04-22,Curve.fi Factory USD Metapool: MIM
128,100966.76212826603,2022-04-22,Curve.fi Factory Plain Pool: 4pool
129,2915.325297997093,2022-04-22,Curve.fi Factory Pool: deBridge-ETH
130,3262806.606913025,2022-04-21,Curve.fi USD-BTC-ETH
131,134964.3548315,2022-04-21,Curve.fi USDC/USDT
132,59256.96970752922,2022-04-21,Curve.fi Factory USD Metapool: deBridge-USDC
133,114528.26119306052,2022-04-21,Curve.fi Factory Plain Pool: VST+FRAX
134,130442.33846673914,2022-04-21,Curve.fi WBTC/renBTC
135,576270.5724207305,2022-04-21,Curve.fi Factory USD Metapool: MIM
136,7946.3209685,2022-04-21,Curve.fi Factory USD Metapool: dForce
137,264270.9858804995,2022-04-21,Curve.fi Factory Plain Pool: 4pool
138,111022.9800839155,2022-04-21,Curve.fi Factory Pool: deBridge-ETH
139,3417433.8668346573,2022-04-20,Curve.fi USD-BTC-ETH
140,226677.876056,2022-04-20,Curve.fi USDC/USDT
141,14646.573107479993,2022-04-20,Curve.fi Factory USD Metapool: deBridge-USDC
142,269156.9119185647,2022-04-20,Curve.fi Factory Plain Pool: VST+FRAX
143,2033.6179032095508,2022-04-20,Curve.fi WBTC/renBTC
144,218767.56626510195,2022-04-20,Curve.fi Factory USD Metapool: MIM
145,5963.956553,2022-04-20,Curve.fi Factory USD Metapool: dForce
146,16549.732379324818,2022-04-20,Curve.fi Factory Plain Pool: 4pool
147,4372.195729429208,2022-04-20,Curve.fi Factory Pool: deBridge-ETH
148,1644555.466001878,2022-04-19,Curve.fi USD-BTC-ETH
149,252482.7140775,2022-04-19,Curve.fi USDC/USDT
150,34727.01347315375,2022-04-19,Curve.fi Factory USD Metapool: deBridge-USDC
151,373828.46796500415,2022-04-19,Curve.fi Factory Plain Pool: VST+FRAX
152,56208.867465069416,2022-04-19,Curve.fi WBTC/renBTC
153,646511.986916947,2022-04-19,Curve.fi Factory USD Metapool: MIM
154,69741.1865260243,2022-04-19,Curve.fi Factory Plain Pool: 4pool
155,329.17568866838883,2022-04-19,Curve.fi Factory Pool: deBridge-ETH
156,55.43033489649777,2022-04-18,Curve.fi Factory USD Metapool: handle3pool
157,2728881.9786648364,2022-04-18,Curve.fi USD-BTC-ETH
158,441116.1058435,2022-04-18,Curve.fi USDC/USDT
159,10120.873835045631,2022-04-18,Curve.fi Factory USD Metapool: deBridge-USDC
160,101123.00470176156,2022-04-18,Curve.fi Factory Plain Pool: VST+FRAX
161,50.472537871141085,2022-04-18,Curve.fi WBTC/renBTC
162,511940.6853046179,2022-04-18,Curve.fi Factory USD Metapool: MIM
163,9934.438187,2022-04-18,Curve.fi Factory USD Metapool: dForce
164,57452.67523358218,2022-04-18,Curve.fi Factory Plain Pool: 4pool
165,144.4384462772611,2022-04-18,Curve.fi Factory Pool: deBridge-ETH
166,3100907.997844324,2022-04-17,Curve.fi USD-BTC-ETH
167,189723.524828,2022-04-17,Curve.fi USDC/USDT
168,8967.959776432752,2022-04-17,Curve.fi Factory USD Metapool: deBridge-USDC
169,66171.07816505466,2022-04-17,Curve.fi Factory Plain Pool: VST+FRAX
170,11652.217310299753,2022-04-17,Curve.fi WBTC/renBTC
171,123093.88008939195,2022-04-17,Curve.fi Factory USD Metapool: MIM
172,67703.61230586097,2022-04-17,Curve.fi Factory Plain Pool: 4pool
173,39.92441604850735,2022-04-17,Curve.fi Factory Pool: deBridge-ETH
174,2603289.4995197384,2022-04-16,Curve.fi USD-BTC-ETH
175,204855.0819155,2022-04-16,Curve.fi USDC/USDT
176,12689.884600279538,2022-04-16,Curve.fi Factory USD Metapool: deBridge-USDC
177,360279.8436578389,2022-04-16,Curve.fi Factory Plain Pool: VST+FRAX
178,245.4684346259446,2022-04-16,Curve.fi WBTC/renBTC
179,42596.4689906532,2022-04-16,Curve.fi Factory USD Metapool: MIM
180,162490.1106086981,2022-04-16,Curve.fi Factory Plain Pool: 4pool
181,373.8341875442741,2022-04-16,Curve.fi Factory Pool: deBridge-ETH
182,4262848.513328532,2022-04-15,Curve.fi USD-BTC-ETH
183,253327.048043,2022-04-15,Curve.fi USDC/USDT
184,8423.672575603323,2022-04-15,Curve.fi Factory USD Metapool: deBridge-USDC
185,235074.61017350503,2022-04-15,Curve.fi Factory Plain Pool: VST+FRAX
186,18411.47532759885,2022-04-15,Curve.fi WBTC/renBTC
187,9025.632321370678,2022-04-15,Curve.fi Factory USD Metapool: MIM
188,76950.11005309116,2022-04-15,Curve.fi Factory USD Metapool: dForce
189,290392.9526192361,2022-04-15,Curve.fi Factory Plain Pool: 4pool
190,1528.9479558488636,2022-04-15,Curve.fi Factory Pool: deBridge-ETH
191,2522992.315363667,2022-04-14,Curve.fi USD-BTC-ETH
192,228096.907112,2022-04-14,Curve.fi USDC/USDT
193,15237.676247539004,2022-04-14,Curve.fi Factory USD Metapool: deBridge-USDC
194,62727.60550551963,2022-04-14,Curve.fi Factory Plain Pool: VST+FRAX
195,0.0012292114750174958,2022-04-14,Curve.fi WBTC/renBTC
196,295352.87952547136,2022-04-14,Curve.fi Factory USD Metapool: MIM
197,25053.693190337253,2022-04-14,Curve.fi Factory USD Metapool: dForce
198,270724.5917376528,2022-04-14,Curve.fi Factory Plain Pool: 4pool
199,3885363.7403347325,2022-04-13,Curve.fi USD-BTC-ETH
200,179460.2163655,2022-04-13,Curve.fi USDC/USDT
201,12441.15425421616,2022-04-13,Curve.fi Factory USD Metapool: deBridge-USDC
202,134807.28196002895,2022-04-13,Curve.fi Factory Plain Pool: VST+FRAX
203,20816.58175068658,2022-04-13,Curve.fi WBTC/renBTC
204,1327264.8830233798,2022-04-13,Curve.fi Factory USD Metapool: MIM
205,5200.755561365884,2022-04-13,Curve.fi Factory USD Metapool: dForce
206,266860.88553660846,2022-04-13,Curve.fi Factory Plain Pool: 4pool
207,77.7204013992936,2022-04-13,Curve.fi Factory Pool: deBridge-ETH
208,99.49378499088868,2022-04-12,Curve.fi Factory USD Metapool: handle3pool
209,7575931.032415931,2022-04-12,Curve.fi USD-BTC-ETH
210,410874.9789905,2022-04-12,Curve.fi USDC/USDT
211,147177.82862170096,2022-04-12,Curve.fi Factory USD Metapool: deBridge-USDC
212,128890.43561321532,2022-04-12,Curve.fi Factory Plain Pool: VST+FRAX
213,42298.34156283979,2022-04-12,Curve.fi WBTC/renBTC
214,1953176.3803016797,2022-04-12,Curve.fi Factory USD Metapool: MIM
215,37892.54446081739,2022-04-12,Curve.fi Factory Plain Pool: 4pool
216,176096.7615282834,2022-04-12,Curve.fi Factory Pool: deBridge-ETH
217,4060333.7065270506,2022-04-11,Curve.fi USD-BTC-ETH
218,671421.591485,2022-04-11,Curve.fi USDC/USDT
219,12490.24049553287,2022-04-11,Curve.fi Factory USD Metapool: deBridge-USDC
220,903207.9622179586,2022-04-11,Curve.fi Factory Plain Pool: VST+FRAX
221,757438.2125588792,2022-04-11,Curve.fi WBTC/renBTC
222,0.9992825,2022-04-11,Curve.fi Factory Plain Pool: Aave aDAI+aUSC+aUSDT
223,884437.8650814367,2022-04-11,Curve.fi Factory USD Metapool: MIM
224,4405.118277806674,2022-04-11,Curve.fi Factory Pool: deBridge-ETH
225,2869939.9768088185,2022-04-10,Curve.fi USD-BTC-ETH
226,57593.8780225,2022-04-10,Curve.fi USDC/USDT
227,1570.020512634789,2022-04-10,Curve.fi Factory USD Metapool: deBridge-USDC
228,52593.06362100368,2022-04-10,Curve.fi Factory Plain Pool: VST+FRAX
229,798.8890702058397,2022-04-10,Curve.fi WBTC/renBTC
230,483022.3179039848,2022-04-10,Curve.fi Factory USD Metapool: MIM
231,54464.06328580862,2022-04-10,Curve.fi Factory USD Metapool: dForce
232,315.926943188132,2022-04-10,Curve.fi Factory Pool: deBridge-ETH
233,4116981.5934088794,2022-04-09,Curve.fi USD-BTC-ETH
234,101574.9780195,2022-04-09,Curve.fi USDC/USDT
235,23005.09786416237,2022-04-09,Curve.fi Factory USD Metapool: deBridge-USDC
236,243869.15576953065,2022-04-09,Curve.fi Factory Plain Pool: VST+FRAX
237,4222.285571761461,2022-04-09,Curve.fi WBTC/renBTC
238,445603.01748713915,2022-04-09,Curve.fi Factory USD Metapool: MIM
239,938.189413782368,2022-04-09,Curve.fi Factory Pool: deBridge-ETH
240,4850417.96901176,2022-04-08,Curve.fi USD-BTC-ETH
241,806573.6435935,2022-04-08,Curve.fi USDC/USDT
242,26660.18415768238,2022-04-08,Curve.fi Factory USD Metapool: deBridge-USDC
243,167693.2668038643,2022-04-08,Curve.fi Factory Plain Pool: VST+FRAX
244,14610.191366922823,2022-04-08,Curve.fi WBTC/renBTC
245,520896.07469707786,2022-04-08,Curve.fi Factory USD Metapool: MIM
246,4758.5958755,2022-04-08,Curve.fi Factory USD Metapool: dForce
247,109798.74574440415,2022-04-08,Curve.fi Factory Pool: deBridge-ETH
248,0.999283,2022-04-07,Curve.fi Factory Plain Pool: Aave USDC+USDT
249,9.961343193382492,2022-04-07,Curve.fi Factory USD Metapool: handle3pool
250,4378992.182074996,2022-04-07,Curve.fi USD-BTC-ETH
251,284503.996529,2022-04-07,Curve.fi USDC/USDT
252,5924.381239177545,2022-04-07,Curve.fi Factory USD Metapool: deBridge-USDC
253,200602.9895633528,2022-04-07,Curve.fi Factory Plain Pool: VST+FRAX
254,19378.20643166591,2022-04-07,Curve.fi WBTC/renBTC
255,2021967.1120371593,2022-04-07,Curve.fi Factory USD Metapool: MIM
256,3965.765786,2022-04-07,Curve.fi Factory USD Metapool: dForce
257,1653.3870896919138,2022-04-07,Curve.fi Factory Pool: deBridge-ETH
258,3783287.9505838063,2022-04-06,Curve.fi USD-BTC-ETH
259,620622.690204,2022-04-06,Curve.fi USDC/USDT
260,9288.7174586274,2022-04-06,Curve.fi Factory USD Metapool: deBridge-USDC
261,86671.33692957353,2022-04-06,Curve.fi Factory Plain Pool: VST+FRAX
262,31167.113418940975,2022-04-06,Curve.fi WBTC/renBTC
263,1651914.9087303611,2022-04-06,Curve.fi Factory USD Metapool: MIM
264,2909349.0330062597,2022-04-05,Curve.fi USD-BTC-ETH
265,760700.6887225,2022-04-05,Curve.fi USDC/USDT
266,28638.232786556255,2022-04-05,Curve.fi Factory USD Metapool: deBridge-USDC
267,95750.87313845496,2022-04-05,Curve.fi Factory Plain Pool: VST+FRAX
268,70116.93384541271,2022-04-05,Curve.fi WBTC/renBTC
269,1816843.688182807,2022-04-05,Curve.fi Factory USD Metapool: MIM
270,13568.016611379142,2022-04-05,Curve.fi Factory USD Metapool: dForce
271,19979.28096240236,2022-04-05,Curve.fi Factory Pool: deBridge-ETH
272,4674666.133252515,2022-04-04,Curve.fi USD-BTC-ETH
273,609993.2842455,2022-04-04,Curve.fi USDC/USDT
274,51629.25366832394,2022-04-04,Curve.fi Factory USD Metapool: deBridge-USDC
275,244273.21078788588,2022-04-04,Curve.fi Factory Plain Pool: VST+FRAX
276,6961.35662448873,2022-04-04,Curve.fi WBTC/renBTC
277,395109.55952660367,2022-04-04,Curve.fi Factory USD Metapool: MIM
278,15882.932206,2022-04-04,Curve.fi Factory USD Metapool: dForce
279,3509.8888299473224,2022-04-04,Curve.fi Factory Pool: deBridge-ETH
280,4229671.787752888,2022-04-03,Curve.fi USD-BTC-ETH
281,589720.908511,2022-04-03,Curve.fi USDC/USDT
282,49764.56905431135,2022-04-03,Curve.fi Factory USD Metapool: deBridge-USDC
283,110962.44381207929,2022-04-03,Curve.fi Factory Plain Pool: VST+FRAX
284,367169.6637474235,2022-04-03,Curve.fi WBTC/renBTC
285,493400.49764369836,2022-04-03,Curve.fi Factory USD Metapool: MIM
286,2791.8407538962733,2022-04-03,Curve.fi Factory USD Metapool: dForce
287,21.485223535204643,2022-04-03,Curve.fi Factory Pool: deBridge-ETH
288,12843595.461333534,2022-04-02,Curve.fi USD-BTC-ETH
289,1294103.90651,2022-04-02,Curve.fi USDC/USDT
290,211508.0083082084,2022-04-02,Curve.fi Factory USD Metapool: deBridge-USDC
291,75175.37933511351,2022-04-02,Curve.fi Factory Plain Pool: VST+FRAX
292,1473180.3648365815,2022-04-02,Curve.fi WBTC/renBTC
293,671061.1502543322,2022-04-02,Curve.fi Factory USD Metapool: MIM
294,37664.0144165402,2022-04-02,Curve.fi Factory USD Metapool: dForce
295,1196.4560353754455,2022-04-02,Curve.fi Factory Pool: deBridge-ETH
296,3843489.401591523,2022-04-01,Curve.fi USD-BTC-ETH
297,840775.1752605,2022-04-01,Curve.fi USDC/USDT
298,7758.496420802973,2022-04-01,Curve.fi Factory USD Metapool: deBridge-USDC
299,234853.9781331684,2022-04-01,Curve.fi Factory Plain Pool: VST+FRAX
300,2074955.2719560873,2022-04-01,Curve.fi WBTC/renBTC
301,1291488.5700563411,2022-04-01,Curve.fi Factory USD Metapool: MIM
302,751.7039750035929,2022-04-01,Curve.fi Factory Pool: deBridge-ETH
303,5088146.547184919,2022-03-31,Curve.fi USD-BTC-ETH
304,552599.8589765,2022-03-31,Curve.fi USDC/USDT
305,15758.061474302169,2022-03-31,Curve.fi Factory USD Metapool: deBridge-USDC
306,117034.24003346579,2022-03-31,Curve.fi Factory Plain Pool: VST+FRAX
307,291570.3955893507,2022-03-31,Curve.fi WBTC/renBTC
308,4130813.4015351133,2022-03-31,Curve.fi Factory USD Metapool: MIM
309,553.3547961731954,2022-03-31,Curve.fi Factory Pool: deBridge-ETH
310,7470966.999514806,2022-03-30,Curve.fi USD-BTC-ETH
311,995408.5874315,2022-03-30,Curve.fi USDC/USDT
312,34135.9561177574,2022-03-30,Curve.fi Factory USD Metapool: deBridge-USDC
313,364190.2491200918,2022-03-30,Curve.fi Factory Plain Pool: VST+FRAX
314,5668.294431658717,2022-03-30,Curve.fi WBTC/renBTC
315,2469531.660341755,2022-03-30,Curve.fi Factory USD Metapool: MIM
316,4160.151278645537,2022-03-30,Curve.fi Factory Pool: deBridge-ETH
317,5349658.480895302,2022-03-29,Curve.fi USD-BTC-ETH
318,856972.360532,2022-03-29,Curve.fi USDC/USDT
319,64178.14191206659,2022-03-29,Curve.fi Factory USD Metapool: deBridge-USDC
320,149983.54468861123,2022-03-29,Curve.fi Factory Plain Pool: VST+FRAX
321,203.5958353508364,2022-03-29,Curve.fi WBTC/renBTC
322,997149.4469101023,2022-03-29,Curve.fi Factory USD Metapool: MIM
323,61051.93786296043,2022-03-29,Curve.fi Factory USD Metapool: dForce
324,7683.55045212283,2022-03-29,Curve.fi Factory Pool: deBridge-ETH
325,3207348.4361506817,2022-03-28,Curve.fi USD-BTC-ETH
326,2830993.039243,2022-03-28,Curve.fi USDC/USDT
327,6979.231255782721,2022-03-28,Curve.fi Factory USD Metapool: deBridge-USDC
328,132809.78862774957,2022-03-28,Curve.fi Factory Plain Pool: VST+FRAX
329,67145.44369610281,2022-03-28,Curve.fi WBTC/renBTC
330,495795.640184999,2022-03-28,Curve.fi Factory USD Metapool: MIM
331,12.274591630825912,2022-03-28,Curve.fi Factory USD Metapool: dForce
332,54065.42634039716,2022-03-28,Curve.fi Factory Pool: deBridge-ETH
333,2998012.044179441,2022-03-27,Curve.fi USD-BTC-ETH
334,261449.797081,2022-03-27,Curve.fi USDC/USDT
335,6677.603983857397,2022-03-27,Curve.fi Factory USD Metapool: deBridge-USDC
336,116542.43389457455,2022-03-27,Curve.fi Factory Plain Pool: VST+FRAX
337,10033.122075180316,2022-03-27,Curve.fi WBTC/renBTC
338,480522.22623143136,2022-03-27,Curve.fi Factory USD Metapool: MIM
339,20531.287854445032,2022-03-27,Curve.fi Factory Pool: deBridge-ETH
340,3403607.9422553717,2022-03-26,Curve.fi USD-BTC-ETH
341,148498.760935,2022-03-26,Curve.fi USDC/USDT
342,11402.430809363246,2022-03-26,Curve.fi Factory USD Metapool: deBridge-USDC
343,95953.22949970505,2022-03-26,Curve.fi Factory Plain Pool: VST+FRAX
344,122051.31248197473,2022-03-26,Curve.fi Factory USD Metapool: MIM
345,36794.9869335,2022-03-26,Curve.fi Factory USD Metapool: dForce
346,4174.902225714982,2022-03-26,Curve.fi Factory Pool: deBridge-ETH
347,4694821.61538361,2022-03-25,Curve.fi USD-BTC-ETH
348,1431214.067592,2022-03-25,Curve.fi USDC/USDT
349,1371.8728026879915,2022-03-25,Curve.fi Factory USD Metapool: deBridge-USDC
350,227399.7662578782,2022-03-25,Curve.fi Factory Plain Pool: VST+FRAX
351,101.1780165723869,2022-03-25,Curve.fi WBTC/renBTC
352,3004177.8962742602,2022-03-25,Curve.fi Factory USD Metapool: MIM
353,46427.870017749054,2022-03-25,Curve.fi Factory USD Metapool: dForce
354,255.02871584650876,2022-03-24,Curve.fi Factory USD Metapool: handle3pool
355,4357901.352757574,2022-03-24,Curve.fi USD-BTC-ETH
356,1425623.2175305,2022-03-24,Curve.fi USDC/USDT
357,1410.923968126189,2022-03-24,Curve.fi Factory USD Metapool: deBridge-USDC
358,792869.4252847601,2022-03-24,Curve.fi Factory Plain Pool: VST+FRAX
359,18589.323588988784,2022-03-24,Curve.fi WBTC/renBTC
360,5032890.192772366,2022-03-24,Curve.fi Factory USD Metapool: MIM
361,8439.592859163795,2022-03-24,Curve.fi Factory USD Metapool: dForce
362,16739.7905831563,2022-03-24,Curve.fi Factory Pool: deBridge-ETH
363,7099305.918295488,2022-03-23,Curve.fi USD-BTC-ETH
364,2475161.9320975,2022-03-23,Curve.fi USDC/USDT
365,2743.255776283566,2022-03-23,Curve.fi Factory USD Metapool: deBridge-USDC
366,551186.3615595038,2022-03-23,Curve.fi Factory Plain Pool: VST+FRAX
367,53927.58487570444,2022-03-23,Curve.fi WBTC/renBTC
368,1076887.4508991416,2022-03-23,Curve.fi Factory USD Metapool: MIM
369,6209.283393221289,2022-03-23,Curve.fi Factory Pool: deBridge-ETH
370,3560551.817227946,2022-03-22,Curve.fi USD-BTC-ETH
371,1568407.9362395,2022-03-22,Curve.fi USDC/USDT
372,2670.958054098733,2022-03-22,Curve.fi Factory USD Metapool: deBridge-USDC
373,35912.208925354505,2022-03-22,Curve.fi Factory Plain Pool: VST+FRAX
374,57763.898024426,2022-03-22,Curve.fi WBTC/renBTC
375,506536.21824126114,2022-03-22,Curve.fi Factory USD Metapool: MIM
376,5948.905268294601,2022-03-22,Curve.fi Factory USD Metapool: dForce
377,2840.9860037784083,2022-03-22,Curve.fi Factory Pool: deBridge-ETH
378,5087448.679173012,2022-03-21,Curve.fi USD-BTC-ETH
379,638309.7722205,2022-03-21,Curve.fi USDC/USDT
380,2362.095971601825,2022-03-21,Curve.fi Factory USD Metapool: deBridge-USDC
381,18193.550259831274,2022-03-21,Curve.fi Factory Plain Pool: VST+FRAX
382,52622.31795290327,2022-03-21,Curve.fi WBTC/renBTC
383,1194389.0895436208,2022-03-21,Curve.fi Factory USD Metapool: MIM
384,7.437632238063089,2022-03-21,Curve.fi Factory Pool: deBridge-ETH
385,3846949.391986741,2022-03-20,Curve.fi USD-BTC-ETH
386,3422266.797586,2022-03-20,Curve.fi USDC/USDT
387,1267.84691231782,2022-03-20,Curve.fi Factory USD Metapool: deBridge-USDC
388,33703.98396250331,2022-03-20,Curve.fi Factory Plain Pool: VST+FRAX
389,1335.836375574561,2022-03-20,Curve.fi WBTC/renBTC
390,313019.6966009617,2022-03-20,Curve.fi Factory USD Metapool: MIM
391,1291.949697130624,2022-03-20,Curve.fi Factory USD Metapool: dForce
392,476.1345609218106,2022-03-20,Curve.fi Factory Pool: deBridge-ETH
393,2254909.015717055,2022-03-19,Curve.fi USD-BTC-ETH
394,1005347.314891,2022-03-19,Curve.fi USDC/USDT
395,3009.0905296304663,2022-03-19,Curve.fi Factory USD Metapool: deBridge-USDC
396,403001.32760909485,2022-03-19,Curve.fi Factory Plain Pool: VST+FRAX
397,72421.56579466182,2022-03-19,Curve.fi WBTC/renBTC
398,997249.1061475284,2022-03-19,Curve.fi Factory USD Metapool: MIM
399,6043.1407985,2022-03-19,Curve.fi Factory USD Metapool: dForce
400,3209.2567231992,2022-03-19,Curve.fi Factory Pool: deBridge-ETH
401,4281785.266417751,2022-03-18,Curve.fi USD-BTC-ETH
402,685229.2129865,2022-03-18,Curve.fi USDC/USDT
403,10964.473676602109,2022-03-18,Curve.fi Factory USD Metapool: deBridge-USDC
404,225224.1419493333,2022-03-18,Curve.fi Factory Plain Pool: VST+FRAX
405,112703.03103231029,2022-03-18,Curve.fi WBTC/renBTC
406,694538.6333709252,2022-03-18,Curve.fi Factory USD Metapool: MIM
407,28615.04855237442,2022-03-18,Curve.fi Factory USD Metapool: dForce
408,2518.023536703412,2022-03-18,Curve.fi Factory Pool: deBridge-ETH
409,3157944.833526079,2022-03-17,Curve.fi USD-BTC-ETH
410,1341032.278486,2022-03-17,Curve.fi USDC/USDT
411,14784.302739299947,2022-03-17,Curve.fi Factory USD Metapool: deBridge-USDC
412,628821.7686639248,2022-03-17,Curve.fi Factory Plain Pool: VST+FRAX
413,75514.72259498163,2022-03-17,Curve.fi WBTC/renBTC
414,773597.8207710572,2022-03-17,Curve.fi Factory USD Metapool: MIM
415,25471.116657573948,2022-03-17,Curve.fi Factory USD Metapool: dForce
416,6849.059565786917,2022-03-17,Curve.fi Factory Pool: deBridge-ETH
417,9444494.934772255,2022-03-16,Curve.fi USD-BTC-ETH
418,639914.174047,2022-03-16,Curve.fi USDC/USDT
419,975.0183061120208,2022-03-16,Curve.fi Factory USD Metapool: deBridge-USDC
420,225391.3548487778,2022-03-16,Curve.fi Factory Plain Pool: VST+FRAX
421,309810.19936932024,2022-03-16,Curve.fi WBTC/renBTC
422,657812.5888843999,2022-03-16,Curve.fi Factory USD Metapool: MIM
423,5494.051628235066,2022-03-16,Curve.fi Factory Pool: deBridge-ETH
424,5184857.255279546,2022-03-15,Curve.fi USD-BTC-ETH
425,383945.588429,2022-03-15,Curve.fi USDC/USDT
426,270.379251,2022-03-15,Curve.fi Factory USD Metapool: deBridge-USDC
427,115757.56520068766,2022-03-15,Curve.fi Factory Plain Pool: VST+FRAX
428,4082.076142515169,2022-03-15,Curve.fi WBTC/renBTC
429,336728.7750399075,2022-03-15,Curve.fi Factory USD Metapool: MIM
430,3819.0892887892946,2022-03-15,Curve.fi Factory USD Metapool: dForce
431,3346.638988667519,2022-03-15,Curve.fi Factory Pool: deBridge-ETH
432,5266469.174418502,2022-03-14,Curve.fi USD-BTC-ETH
433,1991942.986363,2022-03-14,Curve.fi USDC/USDT
434,68.92305553800065,2022-03-14,Curve.fi Factory USD Metapool: deBridge-USDC
435,577351.1203853275,2022-03-14,Curve.fi Factory Plain Pool: VST+FRAX
436,11197.719862455866,2022-03-14,Curve.fi WBTC/renBTC
437,2127595.1615972477,2022-03-14,Curve.fi Factory USD Metapool: MIM
438,9994.934396027835,2022-03-14,Curve.fi Factory USD Metapool: dForce
439,3857247.832428552,2022-03-13,Curve.fi USD-BTC-ETH
440,147548.6141245,2022-03-13,Curve.fi USDC/USDT
441,295.46626004775777,2022-03-13,Curve.fi Factory USD Metapool: deBridge-USDC
442,114685.72667604155,2022-03-13,Curve.fi Factory Plain Pool: VST+FRAX
443,12144.829040346109,2022-03-13,Curve.fi WBTC/renBTC
444,297379.22042938246,2022-03-13,Curve.fi Factory USD Metapool: MIM
445,1283.5626420724195,2022-03-13,Curve.fi Factory Pool: deBridge-ETH
446,4202153.803858652,2022-03-12,Curve.fi USD-BTC-ETH
447,170358.292511,2022-03-12,Curve.fi USDC/USDT
448,78.91518580922444,2022-03-12,Curve.fi Factory USD Metapool: deBridge-USDC
449,35483.46659454424,2022-03-12,Curve.fi Factory Plain Pool: VST+FRAX
450,15066.449939399276,2022-03-12,Curve.fi WBTC/renBTC
451,209603.59773765277,2022-03-12,Curve.fi Factory USD Metapool: MIM
452,75366.07476220252,2022-03-12,Curve.fi Factory USD Metapool: dForce
453,1026.0162888351801,2022-03-12,Curve.fi Factory Pool: deBridge-ETH
454,6998124.914384567,2022-03-11,Curve.fi USD-BTC-ETH
455,2549316.3449255,2022-03-11,Curve.fi USDC/USDT
456,33.84277742316055,2022-03-11,Curve.fi Factory USD Metapool: deBridge-USDC
457,243298.033273854,2022-03-11,Curve.fi Factory Plain Pool: VST+FRAX
458,6741.4294993180965,2022-03-11,Curve.fi WBTC/renBTC
459,629431.4583259419,2022-03-11,Curve.fi Factory USD Metapool: MIM
460,9999.499732899367,2022-03-11,Curve.fi Factory USD Metapool: dForce
461,4437554.922051261,2022-03-10,Curve.fi USD-BTC-ETH
462,1945679.8872655,2022-03-10,Curve.fi USDC/USDT
463,4353.816738847846,2022-03-10,Curve.fi Factory USD Metapool: deBridge-USDC
464,108979.27212072656,2022-03-10,Curve.fi Factory Plain Pool: VST+FRAX
465,157923.89073129714,2022-03-10,Curve.fi WBTC/renBTC
466,2555074.7453427645,2022-03-10,Curve.fi Factory USD Metapool: MIM
467,18482.73936526893,2022-03-10,Curve.fi Factory USD Metapool: dForce
468,5543833.2497204775,2022-03-09,Curve.fi USD-BTC-ETH
469,809050.5046425,2022-03-09,Curve.fi USDC/USDT
470,163139.34339696073,2022-03-09,Curve.fi Factory Plain Pool: VST+FRAX
471,430080.6097217485,2022-03-09,Curve.fi WBTC/renBTC
472,1142341.4226786993,2022-03-09,Curve.fi Factory USD Metapool: MIM
473,41162.2607377324,2022-03-09,Curve.fi Factory USD Metapool: dForce
474,9215776.7254153,2022-03-08,Curve.fi USD-BTC-ETH
475,718671.15512,2022-03-08,Curve.fi USDC/USDT
476,505.171583,2022-03-08,Curve.fi Factory USD Metapool: deBridge-USDC
477,438806.65469284967,2022-03-08,Curve.fi Factory Plain Pool: VST+FRAX
478,488.5702190046015,2022-03-08,Curve.fi WBTC/renBTC
479,483063.3529274092,2022-03-08,Curve.fi Factory USD Metapool: MIM
480,5312.636258436267,2022-03-08,Curve.fi Factory USD Metapool: dForce
481,2245.0002007301414,2022-03-08,Curve.fi Factory Pool: deBridge-ETH
482,5284279.328729614,2022-03-07,Curve.fi USD-BTC-ETH
483,433977.3672705,2022-03-07,Curve.fi USDC/USDT
484,312255.81369218795,2022-03-07,Curve.fi Factory Plain Pool: VST+FRAX
485,170570.57984580778,2022-03-07,Curve.fi WBTC/renBTC
486,891546.6009205541,2022-03-07,Curve.fi Factory USD Metapool: MIM
487,29914.442574016986,2022-03-07,Curve.fi Factory USD Metapool: dForce
488,317.85410638689774,2022-03-07,Curve.fi Factory Pool: deBridge-ETH
489,5785617.43467309,2022-03-06,Curve.fi USD-BTC-ETH
490,352653.9667555,2022-03-06,Curve.fi USDC/USDT
491,170586.1150220987,2022-03-06,Curve.fi Factory Plain Pool: VST+FRAX
492,950462.2643577361,2022-03-06,Curve.fi Factory USD Metapool: MIM
493,8152.283887758874,2022-03-06,Curve.fi Factory Pool: deBridge-ETH
494,2001082.497318315,2022-03-05,Curve.fi USD-BTC-ETH
495,595992.7693855,2022-03-05,Curve.fi USDC/USDT
496,125289.89670734554,2022-03-05,Curve.fi Factory Plain Pool: VST+FRAX
497,2148.3012541687362,2022-03-05,Curve.fi WBTC/renBTC
498,211350.02019865712,2022-03-05,Curve.fi Factory USD Metapool: MIM
499,5012.398255165652,2022-03-05,Curve.fi Factory USD Metapool: dForce
500,5161.786651957487,2022-03-05,Curve.fi Factory Pool: deBridge-ETH
501,5112108.746882869,2022-03-04,Curve.fi USD-BTC-ETH
502,503671.337351,2022-03-04,Curve.fi USDC/USDT
503,1070561.0009154377,2022-03-04,Curve.fi Factory Plain Pool: VST+FRAX
504,20668.659863151042,2022-03-04,Curve.fi WBTC/renBTC
505,812844.4002781237,2022-03-04,Curve.fi Factory USD Metapool: MIM
506,6430117.812282278,2022-03-03,Curve.fi USD-BTC-ETH
507,1628612.8741805,2022-03-03,Curve.fi USDC/USDT
508,53309.76281642772,2022-03-03,Curve.fi Factory Plain Pool: VST+FRAX
509,253820.1783085755,2022-03-03,Curve.fi WBTC/renBTC
510,1459792.7696670287,2022-03-03,Curve.fi Factory USD Metapool: MIM
511,2462.9789260041616,2022-03-03,Curve.fi Factory Pool: deBridge-ETH
512,10467539.005828448,2022-03-02,Curve.fi USD-BTC-ETH
513,1381458.195984,2022-03-02,Curve.fi USDC/USDT
514,31370.238231582272,2022-03-02,Curve.fi Factory Plain Pool: VST+FRAX
515,69486.58261477531,2022-03-02,Curve.fi WBTC/renBTC
516,710352.4901077647,2022-03-02,Curve.fi Factory USD Metapool: MIM
517,16.82512114537468,2022-03-02,Curve.fi Factory Pool: deBridge-ETH
518,4730442.529497509,2022-03-01,Curve.fi USD-BTC-ETH
519,360967.1774275,2022-03-01,Curve.fi USDC/USDT
520,6485.7238501877955,2022-03-01,Curve.fi Factory USD Metapool: deBridge-USDC
521,20674.969415736236,2022-03-01,Curve.fi Factory Plain Pool: VST+FRAX
522,3625.4192495762404,2022-03-01,Curve.fi WBTC/renBTC
523,1134210.0035936185,2022-03-01,Curve.fi Factory USD Metapool: MIM
524,9978.852009,2022-03-01,Curve.fi Factory USD Metapool: dForce
525,3002.3982345648874,2022-03-01,Curve.fi Factory Pool: deBridge-ETH
526,6878532.816191758,2022-02-28,Curve.fi USD-BTC-ETH
527,1013424.4227375,2022-02-28,Curve.fi USDC/USDT
528,11651.094868163269,2022-02-28,Curve.fi Factory USD Metapool: deBridge-USDC
529,181180.5547224658,2022-02-28,Curve.fi Factory Plain Pool: VST+FRAX
530,41380.22993265442,2022-02-28,Curve.fi WBTC/renBTC
531,1319185.0639077362,2022-02-28,Curve.fi Factory USD Metapool: MIM
532,24986.778228,2022-02-28,Curve.fi Factory USD Metapool: dForce
533,2869.6775368578083,2022-02-28,Curve.fi Factory Pool: deBridge-ETH
534,6643394.376601318,2022-02-27,Curve.fi USD-BTC-ETH
535,839777.546583,2022-02-27,Curve.fi USDC/USDT
536,2333.00802207152,2022-02-27,Curve.fi Factory USD Metapool: deBridge-USDC
537,193000.06169032567,2022-02-27,Curve.fi Factory Plain Pool: VST+FRAX
538,145.41145009209535,2022-02-27,Curve.fi WBTC/renBTC
539,794779.118637785,2022-02-27,Curve.fi Factory USD Metapool: MIM
540,120223.45211826464,2022-02-27,Curve.fi Factory USD Metapool: dForce
541,4088.6367133496824,2022-02-27,Curve.fi Factory Pool: deBridge-ETH
542,6214726.718606212,2022-02-26,Curve.fi USD-BTC-ETH
543,332679.8168345,2022-02-26,Curve.fi USDC/USDT
544,556931.0238088564,2022-02-26,Curve.fi Factory Plain Pool: VST+FRAX
545,130464.8212906939,2022-02-26,Curve.fi WBTC/renBTC
546,556364.8668706515,2022-02-26,Curve.fi Factory USD Metapool: MIM
547,43.72572176456783,2022-02-26,Curve.fi Factory Pool: deBridge-ETH
548,6831739.3465468325,2022-02-25,Curve.fi USD-BTC-ETH
549,1204062.375608,2022-02-25,Curve.fi USDC/USDT
550,1006.8503707523191,2022-02-25,Curve.fi Factory USD Metapool: deBridge-USDC
551,558190.2483059439,2022-02-25,Curve.fi Factory Plain Pool: VST+FRAX
552,98366.38664585214,2022-02-25,Curve.fi WBTC/renBTC
553,2711515.133759497,2022-02-25,Curve.fi Factory USD Metapool: MIM
554,12086578.703978116,2022-02-24,Curve.fi USD-BTC-ETH
555,1609767.360239,2022-02-24,Curve.fi USDC/USDT
556,1335800.9171674817,2022-02-24,Curve.fi Factory Plain Pool: VST+FRAX
557,153144.1180710557,2022-02-24,Curve.fi WBTC/renBTC
558,6064253.055978501,2022-02-24,Curve.fi Factory USD Metapool: MIM
559,3613.735654169874,2022-02-24,Curve.fi Factory Pool: deBridge-ETH
560,9914.591563253447,2022-02-23,Curve.fi Factory USD Metapool: handle3pool
561,3903473.138612735,2022-02-23,Curve.fi USD-BTC-ETH
562,479701.118094,2022-02-23,Curve.fi USDC/USDT
563,1.9893325,2022-02-23,Curve.fi Factory USD Metapool: deBridge-USDC
564,485777.40571338555,2022-02-23,Curve.fi Factory Plain Pool: VST+FRAX
565,154060.48505958886,2022-02-23,Curve.fi WBTC/renBTC
566,1406663.3327513416,2022-02-23,Curve.fi Factory USD Metapool: MIM
567,2788.1392493135254,2022-02-23,Curve.fi Factory Pool: deBridge-ETH
568,8748338.290865054,2022-02-22,Curve.fi USD-BTC-ETH
569,854507.2151215,2022-02-22,Curve.fi USDC/USDT
570,4.998942,2022-02-22,Curve.fi Factory USD Metapool: deBridge-USDC
571,126500.97198858575,2022-02-22,Curve.fi Factory Plain Pool: VST+FRAX
572,102632.33335081501,2022-02-22,Curve.fi WBTC/renBTC
573,1529049.654741773,2022-02-22,Curve.fi Factory USD Metapool: MIM
574,3.819438719770551,2022-02-22,Curve.fi Factory Pool: deBridge-ETH
575,8368672.389044409,2022-02-21,Curve.fi USD-BTC-ETH
576,1211886.8305515,2022-02-21,Curve.fi USDC/USDT
577,2836.2185994598553,2022-02-21,Curve.fi Factory USD Metapool: deBridge-USDC
578,424392.79801721405,2022-02-21,Curve.fi Factory Plain Pool: VST+FRAX
579,630232.5483058738,2022-02-21,Curve.fi WBTC/renBTC
580,2146371.4289999856,2022-02-21,Curve.fi Factory USD Metapool: MIM
581,68.05609863951025,2022-02-21,Curve.fi Factory Pool: deBridge-ETH
582,3272284.1369116395,2022-02-20,Curve.fi USD-BTC-ETH
583,1034497.9491275,2022-02-20,Curve.fi USDC/USDT
584,3539.3423043328644,2022-02-20,Curve.fi Factory USD Metapool: deBridge-USDC
585,213274.58043403804,2022-02-20,Curve.fi Factory Plain Pool: VST+FRAX
586,30674.772743009995,2022-02-20,Curve.fi WBTC/renBTC
587,713647.9377747184,2022-02-20,Curve.fi Factory USD Metapool: MIM
588,2399944.9799560267,2022-02-19,Curve.fi USD-BTC-ETH
589,3286585.246414,2022-02-19,Curve.fi USDC/USDT
590,95181.82185945347,2022-02-19,Curve.fi Factory Plain Pool: VST+FRAX
591,6835.801624028283,2022-02-19,Curve.fi WBTC/renBTC
592,1100534.7155498455,2022-02-19,Curve.fi Factory USD Metapool: MIM
593,2746447.7332304493,2022-02-18,Curve.fi USD-BTC-ETH
594,1103031.2630895,2022-02-18,Curve.fi USDC/USDT
595,142865.468261836,2022-02-18,Curve.fi Factory Plain Pool: VST+FRAX
596,1394.114396031752,2022-02-18,Curve.fi WBTC/renBTC
597,2902081.038330816,2022-02-18,Curve.fi Factory USD Metapool: MIM
598,819.6443595879094,2022-02-18,Curve.fi Factory Pool: deBridge-ETH
599,5555287.5581491515,2022-02-17,Curve.fi USD-BTC-ETH
600,749168.5296245,2022-02-17,Curve.fi USDC/USDT
601,579225.6155746297,2022-02-17,Curve.fi Factory Plain Pool: VST+FRAX
602,30497.179054451986,2022-02-17,Curve.fi WBTC/renBTC
603,896116.763005656,2022-02-17,Curve.fi Factory USD Metapool: MIM
604,3116.548063775257,2022-02-17,Curve.fi Factory Pool: deBridge-ETH
605,4416763.791110395,2022-02-16,Curve.fi USD-BTC-ETH
606,620236.063918,2022-02-16,Curve.fi USDC/USDT
607,86168.95934381727,2022-02-16,Curve.fi Factory Plain Pool: VST+FRAX
608,18658.324811156115,2022-02-16,Curve.fi WBTC/renBTC
609,800781.7252007293,2022-02-16,Curve.fi Factory USD Metapool: MIM
610,3.0750242778891805,2022-02-16,Curve.fi Factory Pool: deBridge-ETH
611,3052632.0432812334,2022-02-15,Curve.fi USD-BTC-ETH
612,657525.747738,2022-02-15,Curve.fi USDC/USDT
613,358346.85770764697,2022-02-15,Curve.fi Factory Plain Pool: VST+FRAX
614,88161.17758148674,2022-02-15,Curve.fi WBTC/renBTC
615,1128388.3913740537,2022-02-15,Curve.fi Factory USD Metapool: MIM
616,19.96596348897997,2022-02-15,Curve.fi Factory USD Metapool: dForce
617,4498475.567483285,2022-02-14,Curve.fi USD-BTC-ETH
618,441125.1463925,2022-02-14,Curve.fi USDC/USDT
619,187161.7116827634,2022-02-14,Curve.fi Factory Plain Pool: VST+FRAX
620,44278.73109320821,2022-02-14,Curve.fi WBTC/renBTC
621,2039996.3381022601,2022-02-14,Curve.fi Factory USD Metapool: MIM
622,9.998003,2022-02-14,Curve.fi Factory USD Metapool: dForce
623,4728344.593632864,2022-02-13,Curve.fi USD-BTC-ETH
624,168305.6756165,2022-02-13,Curve.fi USDC/USDT
625,65116.58135103151,2022-02-13,Curve.fi Factory Plain Pool: VST+FRAX
626,688944.0055995525,2022-02-13,Curve.fi Factory USD Metapool: MIM
627,3354243.115239096,2022-02-12,Curve.fi USD-BTC-ETH
628,339237.255643,2022-02-12,Curve.fi USDC/USDT
629,128083.94850870714,2022-02-12,Curve.fi Factory Plain Pool: VST+FRAX
630,60125.68694201075,2022-02-12,Curve.fi WBTC/renBTC
631,856212.865736313,2022-02-12,Curve.fi Factory USD Metapool: MIM
632,6888575.609000816,2022-02-11,Curve.fi USD-BTC-ETH
633,1098743.3334285,2022-02-11,Curve.fi USDC/USDT
634,517998.52666790824,2022-02-11,Curve.fi Factory Plain Pool: VST+FRAX
635,37946.872933930725,2022-02-11,Curve.fi WBTC/renBTC
636,2037189.999405043,2022-02-11,Curve.fi Factory USD Metapool: MIM
637,6350184.199909467,2022-02-10,Curve.fi USD-BTC-ETH
638,1774833.7069375,2022-02-10,Curve.fi USDC/USDT
639,652768.7758294691,2022-02-10,Curve.fi Factory Plain Pool: VST+FRAX
640,1334730.7864986535,2022-02-10,Curve.fi WBTC/renBTC
641,1152828.5664739548,2022-02-10,Curve.fi Factory USD Metapool: MIM
642,4191855.8149595014,2022-02-09,Curve.fi USD-BTC-ETH
643,2188827.125694,2022-02-09,Curve.fi USDC/USDT
644,499989.8903488954,2022-02-09,Curve.fi Factory USD Metapool: deBridge-USDC
645,6645301.793525178,2022-02-09,Curve.fi Factory Plain Pool: VST+FRAX
646,1255410.0625956033,2022-02-09,Curve.fi WBTC/renBTC
647,1370506.193482638,2022-02-09,Curve.fi Factory USD Metapool: MIM
648,289.8462294710373,2022-02-08,Curve.fi Factory USD Metapool: handle3pool
649,4280866.409443933,2022-02-08,Curve.fi USD-BTC-ETH
650,7718010.252703,2022-02-08,Curve.fi USDC/USDT
651,118997.49830503936,2022-02-08,Curve.fi WBTC/renBTC
652,1073211.4457844638,2022-02-08,Curve.fi Factory USD Metapool: MIM
653,3013715.328448769,2022-02-07,Curve.fi USD-BTC-ETH
654,1142880.630435,2022-02-07,Curve.fi USDC/USDT
655,23149.517564197708,2022-02-07,Curve.fi WBTC/renBTC
656,1614972.7294315235,2022-02-07,Curve.fi Factory USD Metapool: MIM
657,1328413.7916779516,2022-02-06,Curve.fi USD-BTC-ETH
658,1204816.5506935,2022-02-06,Curve.fi USDC/USDT
659,346.34291690085536,2022-02-06,Curve.fi WBTC/renBTC
660,494655.07461706264,2022-02-06,Curve.fi Factory USD Metapool: MIM
661,1126318.9877347245,2022-02-05,Curve.fi USD-BTC-ETH
662,2173336.8892745,2022-02-05,Curve.fi USDC/USDT
663,646457.7002021887,2022-02-05,Curve.fi Factory USD Metapool: MIM
664,2906756.3754986404,2022-02-04,Curve.fi USD-BTC-ETH
665,2229403.3314785,2022-02-04,Curve.fi USDC/USDT
666,89.04778615441283,2022-02-04,Curve.fi WBTC/renBTC
667,4270812.530821591,2022-02-04,Curve.fi Factory USD Metapool: MIM
668,2894297.132393607,2022-02-03,Curve.fi USD-BTC-ETH
669,2187464.7272445,2022-02-03,Curve.fi USDC/USDT
670,5318.1100005976305,2022-02-03,Curve.fi WBTC/renBTC
671,854702.2343371828,2022-02-03,Curve.fi Factory USD Metapool: MIM
672,1.997587920759503,2022-02-02,Curve.fi Factory USD Metapool: handle3pool
673,3665884.2512498177,2022-02-02,Curve.fi USD-BTC-ETH
674,2696903.026923,2022-02-02,Curve.fi USDC/USDT
675,2.017329,2022-02-02,Curve.fi Factory USD Metapool: deBridge-USDC
676,847.3303917907092,2022-02-02,Curve.fi WBTC/renBTC
677,2767101.1130555384,2022-02-02,Curve.fi Factory USD Metapool: MIM
678,13.586592798905317,2022-02-02,Curve.fi Factory Pool: deBridge-ETH
679,2339796.6745414874,2022-02-01,Curve.fi USD-BTC-ETH
680,3461938.1446125,2022-02-01,Curve.fi USDC/USDT
681,1679042.7033363434,2022-02-01,Curve.fi Factory USD Metapool: MIM
682,3935360.8029114814,2022-01-31,Curve.fi USD-BTC-ETH
683,27481472.794633,2022-01-31,Curve.fi USDC/USDT
684,41.19252572062837,2022-01-31,Curve.fi WBTC/renBTC
685,6919937.130884047,2022-01-31,Curve.fi Factory USD Metapool: MIM
686,5369525.72608173,2022-01-30,Curve.fi USD-BTC-ETH
687,12011084.5345985,2022-01-30,Curve.fi USDC/USDT
688,3720858.1710038166,2022-01-30,Curve.fi Factory USD Metapool: MIM
689,2935213.691196633,2022-01-29,Curve.fi USD-BTC-ETH
690,2083227.385,2022-01-29,Curve.fi USDC/USDT
691,290600.76261984365,2022-01-29,Curve.fi WBTC/renBTC
692,4879981.0586616285,2022-01-29,Curve.fi Factory USD Metapool: MIM
693,7672701.835453407,2022-01-28,Curve.fi USD-BTC-ETH
694,7254874.936353,2022-01-28,Curve.fi USDC/USDT
695,16039.968383028292,2022-01-28,Curve.fi WBTC/renBTC
696,15949982.471113797,2022-01-28,Curve.fi Factory USD Metapool: MIM
697,2.4731943177301194,2022-01-28,Curve.fi Factory Pool: deBridge-ETH
698,11051415.48416576,2022-01-27,Curve.fi USD-BTC-ETH
699,9578693.6591275,2022-01-27,Curve.fi USDC/USDT
700,33176756.38964683,2022-01-27,Curve.fi Factory USD Metapool: MIM
701,12035333.359337887,2022-01-26,Curve.fi USD-BTC-ETH
702,2383144.738605,2022-01-26,Curve.fi USDC/USDT
703,23070.074314413214,2022-01-26,Curve.fi WBTC/renBTC
704,3141401.2750133607,2022-01-26,Curve.fi Factory USD Metapool: MIM
705,13549215.376013774,2022-01-25,Curve.fi USD-BTC-ETH
706,4657362.1193105,2022-01-25,Curve.fi USDC/USDT
707,1061.7283308786607,2022-01-25,Curve.fi WBTC/renBTC
708,6268642.586398404,2022-01-25,Curve.fi Factory USD Metapool: MIM
709,12423120.19282505,2022-01-24,Curve.fi USD-BTC-ETH
710,6271095.4294235,2022-01-24,Curve.fi USDC/USDT
711,229.7808397835004,2022-01-24,Curve.fi WBTC/renBTC
712,7052887.438639069,2022-01-24,Curve.fi Factory USD Metapool: MIM
713,7815731.522073951,2022-01-23,Curve.fi USD-BTC-ETH
714,2348502.0375355,2022-01-23,Curve.fi USDC/USDT
715,131977.99828982388,2022-01-23,Curve.fi WBTC/renBTC
716,4062365.2918356005,2022-01-23,Curve.fi Factory USD Metapool: MIM
717,19772242.373792984,2022-01-22,Curve.fi USD-BTC-ETH
718,5370174.9578535,2022-01-22,Curve.fi USDC/USDT
719,414.13675235779306,2022-01-22,Curve.fi WBTC/renBTC
720,9912501.616556643,2022-01-22,Curve.fi Factory USD Metapool: MIM
721,16847119.836272914,2022-01-21,Curve.fi USD-BTC-ETH
722,7109013.632185,2022-01-21,Curve.fi USDC/USDT
723,13118.1473207517,2022-01-21,Curve.fi WBTC/renBTC
724,14806726.339412978,2022-01-21,Curve.fi Factory USD Metapool: MIM
725,6028552.785702085,2022-01-20,Curve.fi USD-BTC-ETH
726,3756815.8706255,2022-01-20,Curve.fi USDC/USDT
727,4899.836755762169,2022-01-20,Curve.fi WBTC/renBTC
728,8245658.002824575,2022-01-20,Curve.fi Factory USD Metapool: MIM
729,6449877.267545535,2022-01-19,Curve.fi USD-BTC-ETH
730,3884680.3149565,2022-01-19,Curve.fi USDC/USDT
731,13587.191504506223,2022-01-19,Curve.fi WBTC/renBTC
732,5827018.265544761,2022-01-19,Curve.fi Factory USD Metapool: MIM
733,4150521.99772448,2022-01-18,Curve.fi USD-BTC-ETH
734,2049038.5428225,2022-01-18,Curve.fi USDC/USDT
735,22995.74115476677,2022-01-18,Curve.fi WBTC/renBTC
736,2880676.5257555335,2022-01-18,Curve.fi Factory USD Metapool: MIM
737,3816228.54416867,2022-01-17,Curve.fi USD-BTC-ETH
738,1366189.4856455,2022-01-17,Curve.fi USDC/USDT
739,20725.288033658853,2022-01-17,Curve.fi WBTC/renBTC
740,5133108.298618781,2022-01-17,Curve.fi Factory USD Metapool: MIM
741,3867724.0186451767,2022-01-16,Curve.fi USD-BTC-ETH
742,2023723.881357,2022-01-16,Curve.fi USDC/USDT
743,40977.18656151101,2022-01-16,Curve.fi WBTC/renBTC
744,2678505.1744813053,2022-01-16,Curve.fi Factory USD Metapool: MIM
745,2859748.0128949266,2022-01-15,Curve.fi USD-BTC-ETH
746,3762962.0663105,2022-01-15,Curve.fi USDC/USDT
747,17076.902813318386,2022-01-15,Curve.fi WBTC/renBTC
748,2718990.0353793674,2022-01-15,Curve.fi Factory USD Metapool: MIM
749,4222789.668334646,2022-01-14,Curve.fi USD-BTC-ETH
750,2207754.9025985,2022-01-14,Curve.fi USDC/USDT
751,3722.6354367907898,2022-01-14,Curve.fi WBTC/renBTC
752,4403568.584112152,2022-01-14,Curve.fi Factory USD Metapool: MIM
753,3940683.421219228,2022-01-13,Curve.fi USD-BTC-ETH
754,2077039.6129665,2022-01-13,Curve.fi USDC/USDT
755,20669.55273214455,2022-01-13,Curve.fi WBTC/renBTC
756,4042726.751230221,2022-01-13,Curve.fi Factory USD Metapool: MIM
757,3047668.6732506165,2022-01-12,Curve.fi USD-BTC-ETH
758,1791248.5470955,2022-01-12,Curve.fi USDC/USDT
759,16036.989399346825,2022-01-12,Curve.fi WBTC/renBTC
760,5482536.310598615,2022-01-12,Curve.fi Factory USD Metapool: MIM
761,3802028.7703797943,2022-01-11,Curve.fi USD-BTC-ETH
762,2607495.986449,2022-01-11,Curve.fi USDC/USDT
763,1519.3484343177718,2022-01-11,Curve.fi WBTC/renBTC
764,4045597.415459973,2022-01-11,Curve.fi Factory USD Metapool: MIM
765,8026579.837771906,2022-01-10,Curve.fi USD-BTC-ETH
766,3214086.611156,2022-01-10,Curve.fi USDC/USDT
767,446.80204865614513,2022-01-10,Curve.fi WBTC/renBTC
768,6713999.656380292,2022-01-10,Curve.fi Factory USD Metapool: MIM
769,3142748.5378191536,2022-01-09,Curve.fi USD-BTC-ETH
770,5130800.988481,2022-01-09,Curve.fi USDC/USDT
771,3017944.7812490272,2022-01-09,Curve.fi Factory USD Metapool: MIM
772,7132164.7322209,2022-01-08,Curve.fi USD-BTC-ETH
773,1791948.880752,2022-01-08,Curve.fi USDC/USDT
774,97600.22625007371,2022-01-08,Curve.fi WBTC/renBTC
775,6020506.974835155,2022-01-08,Curve.fi Factory USD Metapool: MIM
776,8503309.687998137,2022-01-07,Curve.fi USD-BTC-ETH
777,1425707.9725515,2022-01-07,Curve.fi USDC/USDT
778,32982.961477929006,2022-01-07,Curve.fi WBTC/renBTC
779,14235235.231211033,2022-01-07,Curve.fi Factory USD Metapool: MIM
780,4130811.689269851,2022-01-06,Curve.fi USD-BTC-ETH
781,1815996.504159,2022-01-06,Curve.fi USDC/USDT
782,97075.66097249738,2022-01-06,Curve.fi WBTC/renBTC
783,7146161.123367337,2022-01-06,Curve.fi Factory USD Metapool: MIM
784,6844401.788290073,2022-01-05,Curve.fi USD-BTC-ETH
785,2784030.8222655,2022-01-05,Curve.fi USDC/USDT
786,111.19247850282002,2022-01-05,Curve.fi WBTC/renBTC
787,6209952.728835005,2022-01-05,Curve.fi Factory USD Metapool: MIM
788,3586985.2642015456,2022-01-04,Curve.fi USD-BTC-ETH
789,1298915.7913435,2022-01-04,Curve.fi USDC/USDT
790,68549.70205730083,2022-01-04,Curve.fi WBTC/renBTC
791,3915238.700256559,2022-01-04,Curve.fi Factory USD Metapool: MIM
792,4107680.0815915363,2022-01-03,Curve.fi USD-BTC-ETH
793,1112559.692104,2022-01-03,Curve.fi USDC/USDT
794,28756.92888662861,2022-01-03,Curve.fi WBTC/renBTC
795,2282208.4285364957,2022-01-03,Curve.fi Factory USD Metapool: MIM
796,3048862.3973650984,2022-01-02,Curve.fi USD-BTC-ETH
797,990937.7569735,2022-01-02,Curve.fi USDC/USDT
798,64591.159823602575,2022-01-02,Curve.fi WBTC/renBTC
799,1553419.430947016,2022-01-02,Curve.fi Factory USD Metapool: MIM
800,3048420.3150513726,2022-01-01,Curve.fi USD-BTC-ETH
801,678244.2758265,2022-01-01,Curve.fi USDC/USDT
802,359.30264175728047,2022-01-01,Curve.fi WBTC/renBTC
803,1565386.47802972,2022-01-01,Curve.fi Factory USD Metapool: MIM
804,4456599.170347084,2021-12-31,Curve.fi USD-BTC-ETH
805,915305.947274,2021-12-31,Curve.fi USDC/USDT
806,97898.14192206129,2021-12-31,Curve.fi WBTC/renBTC
807,2449039.294007109,2021-12-31,Curve.fi Factory USD Metapool: MIM
808,4781068.863474936,2021-12-30,Curve.fi USD-BTC-ETH
809,1234682.057662,2021-12-30,Curve.fi USDC/USDT
810,4508.020449317693,2021-12-30,Curve.fi WBTC/renBTC
811,3932564.247788143,2021-12-30,Curve.fi Factory USD Metapool: MIM
812,8499841.52339766,2021-12-29,Curve.fi USD-BTC-ETH
813,1356276.525011,2021-12-29,Curve.fi USDC/USDT
814,7675.7647687027065,2021-12-29,Curve.fi WBTC/renBTC
815,2508197.637358404,2021-12-29,Curve.fi Factory USD Metapool: MIM
816,3034918.9389686906,2021-12-28,Curve.fi USD-BTC-ETH
817,1046271.82343,2021-12-28,Curve.fi USDC/USDT
818,15262.8941350487,2021-12-28,Curve.fi WBTC/renBTC
819,3121633.036097303,2021-12-28,Curve.fi Factory USD Metapool: MIM
820,3088512.8315788317,2021-12-27,Curve.fi USD-BTC-ETH
821,352597.2140205,2021-12-27,Curve.fi USDC/USDT
822,623966.6949787359,2021-12-27,Curve.fi Factory USD Metapool: MIM
823,2339999.113793297,2021-12-26,Curve.fi USD-BTC-ETH
824,1024576.8087905,2021-12-26,Curve.fi USDC/USDT
825,686084.7574266747,2021-12-26,Curve.fi Factory USD Metapool: MIM
826,3066446.0896472293,2021-12-25,Curve.fi USD-BTC-ETH
827,230463.4297185,2021-12-25,Curve.fi USDC/USDT
828,50986.81187780571,2021-12-25,Curve.fi WBTC/renBTC
829,2854742.455829678,2021-12-25,Curve.fi Factory USD Metapool: MIM
830,3401251.0880953087,2021-12-24,Curve.fi USD-BTC-ETH
831,539844.2153785,2021-12-24,Curve.fi USDC/USDT
832,1378017.6810442063,2021-12-24,Curve.fi Factory USD Metapool: MIM
833,4505585.883127567,2021-12-23,Curve.fi USD-BTC-ETH
834,1194504.736481,2021-12-23,Curve.fi USDC/USDT
835,22005.897501680873,2021-12-23,Curve.fi WBTC/renBTC
836,2174085.061619807,2021-12-23,Curve.fi Factory USD Metapool: MIM
837,2416658.817018332,2021-12-22,Curve.fi USD-BTC-ETH
838,353264.8614345,2021-12-22,Curve.fi USDC/USDT
839,5241.874365055959,2021-12-22,Curve.fi WBTC/renBTC
840,1286068.0214102399,2021-12-22,Curve.fi Factory USD Metapool: MIM
841,2346466.3931277227,2021-12-21,Curve.fi USD-BTC-ETH
842,1706351.331024,2021-12-21,Curve.fi USDC/USDT
843,5298.557382628267,2021-12-21,Curve.fi WBTC/renBTC
844,1508274.3693214469,2021-12-21,Curve.fi Factory USD Metapool: MIM
845,4888258.114637922,2021-12-20,Curve.fi USD-BTC-ETH
846,1662365.560088,2021-12-20,Curve.fi USDC/USDT
847,127.66238961948493,2021-12-20,Curve.fi WBTC/renBTC
848,2531620.0358857997,2021-12-20,Curve.fi Factory USD Metapool: MIM
849,4744336.596847168,2021-12-19,Curve.fi USD-BTC-ETH
850,1300920.027015,2021-12-19,Curve.fi USDC/USDT
851,2241585.7979861046,2021-12-19,Curve.fi Factory USD Metapool: MIM
852,3662441.581267694,2021-12-18,Curve.fi USD-BTC-ETH
853,1369822.931314,2021-12-18,Curve.fi USDC/USDT
854,5070.26624048543,2021-12-18,Curve.fi WBTC/renBTC
855,1963872.2687743646,2021-12-18,Curve.fi Factory USD Metapool: MIM
856,4407332.823400804,2021-12-17,Curve.fi USD-BTC-ETH
857,2003556.269475,2021-12-17,Curve.fi USDC/USDT
858,3007.7369416115625,2021-12-17,Curve.fi WBTC/renBTC
859,4513959.251199177,2021-12-17,Curve.fi Factory USD Metapool: MIM
860,2537897.381185175,2021-12-16,Curve.fi USD-BTC-ETH
861,1622294.0331675,2021-12-16,Curve.fi USDC/USDT
862,8360.110906657324,2021-12-16,Curve.fi WBTC/renBTC
863,4902159.726011179,2021-12-16,Curve.fi Factory USD Metapool: MIM
864,5149216.632808403,2021-12-15,Curve.fi USD-BTC-ETH
865,2725146.087224,2021-12-15,Curve.fi USDC/USDT
866,4007.506547383695,2021-12-15,Curve.fi WBTC/renBTC
867,6570240.55883294,2021-12-15,Curve.fi Factory USD Metapool: MIM
868,6838374.208911342,2021-12-14,Curve.fi USD-BTC-ETH
869,3148060.4940925,2021-12-14,Curve.fi USDC/USDT
870,5633.980067752083,2021-12-14,Curve.fi WBTC/renBTC
871,3219824.291028803,2021-12-14,Curve.fi Factory USD Metapool: MIM
872,7077155.561567476,2021-12-13,Curve.fi USD-BTC-ETH
873,3545416.781228,2021-12-13,Curve.fi USDC/USDT
874,1640.0356715966207,2021-12-13,Curve.fi WBTC/renBTC
875,7372359.774465435,2021-12-13,Curve.fi Factory USD Metapool: MIM
876,2716110.8647406595,2021-12-12,Curve.fi USD-BTC-ETH
877,652435.0853315,2021-12-12,Curve.fi USDC/USDT
878,124569.0855474151,2021-12-12,Curve.fi WBTC/renBTC
879,1732174.975299658,2021-12-12,Curve.fi Factory USD Metapool: MIM
880,6184855.426948852,2021-12-11,Curve.fi USD-BTC-ETH
881,2474460.386396,2021-12-11,Curve.fi USDC/USDT
882,6632.49535742865,2021-12-11,Curve.fi WBTC/renBTC
883,3577699.3587637353,2021-12-11,Curve.fi Factory USD Metapool: MIM
884,5123310.391287116,2021-12-10,Curve.fi USD-BTC-ETH
885,3054086.5351715,2021-12-10,Curve.fi USDC/USDT
886,9781.584867031068,2021-12-10,Curve.fi WBTC/renBTC
887,736175.3191161195,2021-12-10,Curve.fi Factory USD Metapool: MIM
888,4225018.847054474,2021-12-09,Curve.fi USD-BTC-ETH
889,3774271.4911685,2021-12-09,Curve.fi USDC/USDT
890,60253.94178970288,2021-12-09,Curve.fi WBTC/renBTC
891,4261214.917986209,2021-12-08,Curve.fi USD-BTC-ETH
892,7085912.41738,2021-12-08,Curve.fi USDC/USDT
893,139843.04088250565,2021-12-08,Curve.fi WBTC/renBTC
894,2521018.9771630657,2021-12-07,Curve.fi USD-BTC-ETH
895,751766.1820625,2021-12-07,Curve.fi USDC/USDT
896,9800.272978401883,2021-12-07,Curve.fi WBTC/renBTC
897,8416467.1849226,2021-12-06,Curve.fi USD-BTC-ETH
898,4352813.802309,2021-12-06,Curve.fi USDC/USDT
899,187746.11553626717,2021-12-06,Curve.fi WBTC/renBTC
900,6938870.741067569,2021-12-05,Curve.fi USD-BTC-ETH
901,2192412.7804955,2021-12-05,Curve.fi USDC/USDT
902,344885.2113913773,2021-12-05,Curve.fi WBTC/renBTC
903,13541260.536724089,2021-12-04,Curve.fi USD-BTC-ETH
904,9381562.658116,2021-12-04,Curve.fi USDC/USDT
905,26192.90039537977,2021-12-04,Curve.fi WBTC/renBTC
906,6120856.95432772,2021-12-03,Curve.fi USD-BTC-ETH
907,4095613.559851,2021-12-03,Curve.fi USDC/USDT
908,6272.946114754992,2021-12-03,Curve.fi WBTC/renBTC
909,4132291.1044557625,2021-12-02,Curve.fi USD-BTC-ETH
910,2741874.391261,2021-12-02,Curve.fi USDC/USDT
911,3897.5711868107974,2021-12-02,Curve.fi WBTC/renBTC
912,4832686.952874673,2021-12-01,Curve.fi USD-BTC-ETH
913,2648554.6169635,2021-12-01,Curve.fi USDC/USDT
914,69107.24991234393,2021-12-01,Curve.fi WBTC/renBTC
915,6604128.766027055,2021-11-30,Curve.fi USD-BTC-ETH
916,3901836.832084,2021-11-30,Curve.fi USDC/USDT
917,41264.93511414848,2021-11-30,Curve.fi WBTC/renBTC
918,2983275.448093309,2021-11-29,Curve.fi USD-BTC-ETH
919,4400722.614914,2021-11-29,Curve.fi USDC/USDT
920,10845.439585593442,2021-11-29,Curve.fi WBTC/renBTC
921,7068477.204906685,2021-11-28,Curve.fi USD-BTC-ETH
922,5468616.2221275,2021-11-28,Curve.fi USDC/USDT
923,19038.063192681548,2021-11-28,Curve.fi WBTC/renBTC
924,4888891.780140627,2021-11-27,Curve.fi USD-BTC-ETH
925,9528927.147035,2021-11-27,Curve.fi USDC/USDT
926,2044.4759023837312,2021-11-27,Curve.fi WBTC/renBTC
927,7118221.775397967,2021-11-26,Curve.fi USD-BTC-ETH
928,3371916.396547,2021-11-26,Curve.fi USDC/USDT
929,4020.845872245796,2021-11-26,Curve.fi WBTC/renBTC
930,3236515.3471556106,2021-11-25,Curve.fi USD-BTC-ETH
931,1263471.3285415,2021-11-25,Curve.fi USDC/USDT
932,5686169.476345768,2021-11-24,Curve.fi USD-BTC-ETH
933,4005032.5353685,2021-11-24,Curve.fi USDC/USDT
934,9347.430751850758,2021-11-24,Curve.fi WBTC/renBTC
935,6351850.606058809,2021-11-23,Curve.fi USD-BTC-ETH
936,5752750.4098685,2021-11-23,Curve.fi USDC/USDT
937,56414.91383393988,2021-11-23,Curve.fi WBTC/renBTC
938,5198653.427896299,2021-11-22,Curve.fi USD-BTC-ETH
939,2562053.264244,2021-11-22,Curve.fi USDC/USDT
940,15649.016626703966,2021-11-22,Curve.fi WBTC/renBTC
941,4684835.9483263,2021-11-21,Curve.fi USD-BTC-ETH
942,1411796.64178,2021-11-21,Curve.fi USDC/USDT
943,3852109.87486877,2021-11-20,Curve.fi USD-BTC-ETH
944,5083621.923838,2021-11-20,Curve.fi USDC/USDT
945,28246.63130454536,2021-11-20,Curve.fi WBTC/renBTC
946,3425322.974805787,2021-11-19,Curve.fi USD-BTC-ETH
947,2123833.738633,2021-11-19,Curve.fi USDC/USDT
948,59289.682548094344,2021-11-19,Curve.fi WBTC/renBTC
949,8249200.104242932,2021-11-18,Curve.fi USD-BTC-ETH
950,4074341.7079665,2021-11-18,Curve.fi USDC/USDT
951,17783.724742355633,2021-11-18,Curve.fi WBTC/renBTC
952,7642645.94758916,2021-11-17,Curve.fi USD-BTC-ETH
953,3590007.13588,2021-11-17,Curve.fi USDC/USDT
954,7992.7656307263815,2021-11-17,Curve.fi WBTC/renBTC
955,6868371.204688104,2021-11-16,Curve.fi USD-BTC-ETH
956,3836169.6353105,2021-11-16,Curve.fi USDC/USDT
957,34927.73092914906,2021-11-16,Curve.fi WBTC/renBTC
958,3312859.6751671587,2021-11-15,Curve.fi USD-BTC-ETH
959,2666265.211515,2021-11-15,Curve.fi USDC/USDT
960,5078.655733379436,2021-11-15,Curve.fi WBTC/renBTC
961,3536914.610388938,2021-11-14,Curve.fi USD-BTC-ETH
962,1878146.202302,2021-11-14,Curve.fi USDC/USDT
963,2677393.840054549,2021-11-13,Curve.fi USD-BTC-ETH
964,1067269.8146735,2021-11-13,Curve.fi USDC/USDT
965,92833.632659684,2021-11-13,Curve.fi WBTC/renBTC
966,3505609.1909280084,2021-11-12,Curve.fi USD-BTC-ETH
967,2018343.568235,2021-11-12,Curve.fi USDC/USDT
968,14908.357594494151,2021-11-12,Curve.fi WBTC/renBTC
969,4403832.985523317,2021-11-11,Curve.fi USD-BTC-ETH
970,3785646.2483655,2021-11-11,Curve.fi USDC/USDT
971,64262.11511892359,2021-11-11,Curve.fi WBTC/renBTC
972,7240487.400002478,2021-11-10,Curve.fi USD-BTC-ETH
973,4032229.8545955,2021-11-10,Curve.fi USDC/USDT
974,146729.08664263476,2021-11-10,Curve.fi WBTC/renBTC
975,4178116.3216129704,2021-11-09,Curve.fi USD-BTC-ETH
976,6334220.4213745,2021-11-09,Curve.fi USDC/USDT
977,749491.9267112435,2021-11-09,Curve.fi WBTC/renBTC
978,4468363.653645388,2021-11-08,Curve.fi USD-BTC-ETH
979,7605753.0893075,2021-11-08,Curve.fi USDC/USDT
980,115413.31564506025,2021-11-08,Curve.fi WBTC/renBTC
981,3325676.25119098,2021-11-07,Curve.fi USD-BTC-ETH
982,1804126.7416825,2021-11-07,Curve.fi USDC/USDT
983,812.3785834629762,2021-11-07,Curve.fi WBTC/renBTC
984,7513575.417778232,2021-11-06,Curve.fi USD-BTC-ETH
985,2606735.167229,2021-11-06,Curve.fi USDC/USDT
986,181030.84912781842,2021-11-06,Curve.fi WBTC/renBTC
987,6778740.053455295,2021-11-05,Curve.fi USD-BTC-ETH
988,1872718.6504265,2021-11-05,Curve.fi USDC/USDT
989,11348684.722418994,2021-11-04,Curve.fi USD-BTC-ETH
990,3691316.128503,2021-11-04,Curve.fi USDC/USDT
991,544.3693979472257,2021-11-04,Curve.fi WBTC/renBTC
992,13120063.50936384,2021-11-03,Curve.fi USD-BTC-ETH
993,4656320.5790225,2021-11-03,Curve.fi USDC/USDT
994,3435.3125141076766,2021-11-03,Curve.fi WBTC/renBTC
995,15408663.918209415,2021-11-02,Curve.fi USD-BTC-ETH
996,4244325.2836075,2021-11-02,Curve.fi USDC/USDT
997,140085.1676448157,2021-11-02,Curve.fi WBTC/renBTC
998,15840362.133302037,2021-11-01,Curve.fi USD-BTC-ETH
999,3478172.192269,2021-11-01,Curve.fi USDC/USDT
1000,731.223924140203,2021-11-01,Curve.fi WBTC/renBTC
1001,13560145.904369302,2021-10-31,Curve.fi USD-BTC-ETH
1002,3677619.3164945,2021-10-31,Curve.fi USDC/USDT
1003,7467195.784160727,2021-10-30,Curve.fi USD-BTC-ETH
1004,2415108.295314,2021-10-30,Curve.fi USDC/USDT
1005,131964.95308060828,2021-10-30,Curve.fi WBTC/renBTC
1006,18111832.30362927,2021-10-29,Curve.fi USD-BTC-ETH
1007,6576230.4311045,2021-10-29,Curve.fi USDC/USDT
1008,335451.4880505247,2021-10-29,Curve.fi WBTC/renBTC
1009,19656214.175881933,2021-10-28,Curve.fi USD-BTC-ETH
1010,6875306.0330235,2021-10-28,Curve.fi USDC/USDT
1011,26278504.960922707,2021-10-27,Curve.fi USD-BTC-ETH
1012,3412761.5931905,2021-10-27,Curve.fi USDC/USDT
1013,13394.03170349204,2021-10-27,Curve.fi WBTC/renBTC
1014,14877980.411594495,2021-10-26,Curve.fi USD-BTC-ETH
1015,344769.588744,2021-10-26,Curve.fi USDC/USDT
1016,38126.799069736095,2021-10-26,Curve.fi WBTC/renBTC
1017,7215248.476772498,2021-10-25,Curve.fi USD-BTC-ETH
1018,292409.7748185,2021-10-25,Curve.fi USDC/USDT
1019,10476476.622363033,2021-10-24,Curve.fi USD-BTC-ETH
1020,889809.797584,2021-10-24,Curve.fi USDC/USDT
1021,9297.346615076489,2021-10-24,Curve.fi WBTC/renBTC
1022,9663007.58294579,2021-10-23,Curve.fi USD-BTC-ETH
1023,1880107.631267,2021-10-23,Curve.fi USDC/USDT
1024,21237.431665367723,2021-10-23,Curve.fi WBTC/renBTC
1025,11906758.440159317,2021-10-22,Curve.fi USD-BTC-ETH
1026,1560231.89617,2021-10-22,Curve.fi USDC/USDT
1027,149422.43601685815,2021-10-22,Curve.fi WBTC/renBTC
1028,17942734.074545406,2021-10-21,Curve.fi USD-BTC-ETH
1029,1250927.894712,2021-10-21,Curve.fi USDC/USDT
1030,13752697.930242473,2021-10-20,Curve.fi USD-BTC-ETH
1031,3533446.7946655,2021-10-20,Curve.fi USDC/USDT
1032,80390.052910254,2021-10-20,Curve.fi WBTC/renBTC
1033,11137457.971407037,2021-10-19,Curve.fi USD-BTC-ETH
1034,1390496.2130365,2021-10-19,Curve.fi USDC/USDT
1035,89308.2521001821,2021-10-19,Curve.fi WBTC/renBTC
1036,15937080.400543619,2021-10-18,Curve.fi USD-BTC-ETH
1037,437287.814336,2021-10-18,Curve.fi USDC/USDT
1038,77390.04203193162,2021-10-18,Curve.fi WBTC/renBTC
1039,13909927.23749536,2021-10-17,Curve.fi USD-BTC-ETH
1040,974995.3893905,2021-10-17,Curve.fi USDC/USDT
1041,120668.39121732619,2021-10-17,Curve.fi WBTC/renBTC
1042,9288954.500419509,2021-10-16,Curve.fi USD-BTC-ETH
1043,6112096.7770695,2021-10-16,Curve.fi USDC/USDT
1044,3144.4004039781044,2021-10-16,Curve.fi WBTC/renBTC
1045,10012051.842173735,2021-10-15,Curve.fi USD-BTC-ETH
1046,1972806.259958,2021-10-15,Curve.fi USDC/USDT
1047,9031.159122882813,2021-10-15,Curve.fi WBTC/renBTC
1048,10427520.054121813,2021-10-14,Curve.fi USD-BTC-ETH
1049,2234059.8969185,2021-10-14,Curve.fi USDC/USDT
1050,2742.6687308954606,2021-10-14,Curve.fi WBTC/renBTC
1051,8198894.360805596,2021-10-13,Curve.fi USD-BTC-ETH
1052,897422.901156,2021-10-13,Curve.fi USDC/USDT
1053,23636.457042727492,2021-10-13,Curve.fi WBTC/renBTC
1054,8344479.436189496,2021-10-12,Curve.fi USD-BTC-ETH
1055,2490685.204706,2021-10-12,Curve.fi USDC/USDT
1056,10231.251561379646,2021-10-12,Curve.fi WBTC/renBTC
1057,9844434.790714923,2021-10-11,Curve.fi USD-BTC-ETH
1058,562491.9979945,2021-10-11,Curve.fi USDC/USDT
1059,48053.30393004455,2021-10-11,Curve.fi WBTC/renBTC
1060,7596887.306484699,2021-10-10,Curve.fi USD-BTC-ETH
1061,1511907.6384035,2021-10-10,Curve.fi USDC/USDT
1062,31506.535970724355,2021-10-10,Curve.fi WBTC/renBTC
1063,2468901.1576981624,2021-10-09,Curve.fi USD-BTC-ETH
1064,2699805.958513,2021-10-09,Curve.fi USDC/USDT
1065,6965.162653741077,2021-10-09,Curve.fi WBTC/renBTC
1066,7330104.976848653,2021-10-08,Curve.fi USD-BTC-ETH
1067,3196639.5251385,2021-10-08,Curve.fi USDC/USDT
1068,22143.987966999157,2021-10-08,Curve.fi WBTC/renBTC
1069,7811198.844989082,2021-10-07,Curve.fi USD-BTC-ETH
1070,1873651.8414925,2021-10-07,Curve.fi USDC/USDT
1071,3315.747720606553,2021-10-07,Curve.fi WBTC/renBTC
1072,10361589.26943961,2021-10-06,Curve.fi USD-BTC-ETH
1073,1494954.68105,2021-10-06,Curve.fi USDC/USDT
1074,190103.1527639791,2021-10-06,Curve.fi WBTC/renBTC
1075,4227524.249648859,2021-10-05,Curve.fi USD-BTC-ETH
1076,1948095.739436,2021-10-05,Curve.fi USDC/USDT
1077,56077.40012837983,2021-10-05,Curve.fi WBTC/renBTC
1078,5965600.110392721,2021-10-04,Curve.fi USD-BTC-ETH
1079,875062.7319045,2021-10-04,Curve.fi USDC/USDT
1080,252147.82208717195,2021-10-04,Curve.fi WBTC/renBTC
1081,3989141.2795187393,2021-10-03,Curve.fi USD-BTC-ETH
1082,457376.82337,2021-10-03,Curve.fi USDC/USDT
1083,159687.02477092488,2021-10-03,Curve.fi WBTC/renBTC
1084,4951656.977677084,2021-10-02,Curve.fi USD-BTC-ETH
1085,2680827.243084,2021-10-02,Curve.fi USDC/USDT
1086,336.6952773223632,2021-10-02,Curve.fi WBTC/renBTC
1087,6321043.159903373,2021-10-01,Curve.fi USD-BTC-ETH
1088,860608.2541205,2021-10-01,Curve.fi USDC/USDT
1089,19740.79719608077,2021-10-01,Curve.fi WBTC/renBTC
1090,4831104.409671092,2021-09-30,Curve.fi USD-BTC-ETH
1091,867742.330306,2021-09-30,Curve.fi USDC/USDT
1092,209780.74476333612,2021-09-30,Curve.fi WBTC/renBTC
1093,3521135.9091695677,2021-09-29,Curve.fi USD-BTC-ETH
1094,2421170.9631745,2021-09-29,Curve.fi USDC/USDT
1095,1066190.3619128386,2021-09-29,Curve.fi WBTC/renBTC
1096,4728179.492911414,2021-09-28,Curve.fi USD-BTC-ETH
1097,2676913.1544755,2021-09-28,Curve.fi USDC/USDT
1098,40332.755525356064,2021-09-28,Curve.fi WBTC/renBTC
1099,4393459.024477077,2021-09-27,Curve.fi USD-BTC-ETH
1100,1983883.7647855,2021-09-27,Curve.fi USDC/USDT
1101,15404.702234532646,2021-09-27,Curve.fi WBTC/renBTC
1102,4111349.020455113,2021-09-26,Curve.fi USD-BTC-ETH
1103,219849.7155635,2021-09-26,Curve.fi USDC/USDT
1104,3566525.408466102,2021-09-25,Curve.fi USD-BTC-ETH
1105,571351.4207025,2021-09-25,Curve.fi USDC/USDT
1106,75923.84043704589,2021-09-25,Curve.fi WBTC/renBTC
1107,3526022.9337230097,2021-09-24,Curve.fi USD-BTC-ETH
1108,1231999.0218495,2021-09-24,Curve.fi USDC/USDT
1109,36201.501040521645,2021-09-24,Curve.fi WBTC/renBTC
1110,2687450.3769453797,2021-09-23,Curve.fi USD-BTC-ETH
1111,2283800.0804815,2021-09-23,Curve.fi USDC/USDT
1112,151340.95894675146,2021-09-23,Curve.fi WBTC/renBTC
1113,4228234.575274742,2021-09-22,Curve.fi USD-BTC-ETH
1114,1804219.8293615,2021-09-22,Curve.fi USDC/USDT
1115,289178.9307854831,2021-09-22,Curve.fi WBTC/renBTC
1116,6211763.3217988415,2021-09-21,Curve.fi USD-BTC-ETH
1117,6005850.450914,2021-09-21,Curve.fi USDC/USDT
1118,142108.50567437403,2021-09-21,Curve.fi WBTC/renBTC
1119,1402869.6997545797,2021-09-20,Curve.fi USD-BTC-ETH
1120,1867433.048945,2021-09-20,Curve.fi USDC/USDT
1121,2209.925193415784,2021-09-20,Curve.fi WBTC/renBTC
